"archivo_mp3","texto","notas"
"bienvenida.mp3","¡Hola! Bienvenido a Montessori Play.",""
"codigo.mp3","Pídele a mamá o papá que escriba el código.",""
"quien_juega.mp3","¿Quién va a jugar hoy?",""
"nuevo_perfil.mp3","Vamos a crear tu perfil. Elige tu animalito.",""
"edad.mp3","¿Cuántos años tienes?",""
"desde_donde.mp3","¿Desde dónde juegas?",""
"(solo voz sintética)","¡Hola, {nombre}! ¿A qué quieres jugar?","incluye el nombre del niño"
"elige_nivel.mp3","Elige un nivel.",""
"nivel_superado.mp3","¡Muy bien! ¡Lo lograste!",""
"nivel_superado_2.mp3","¡Excelente trabajo!",""
"nivel_superado_3.mp3","¡Eres increíble!",""
"intenta_otra_vez.mp3","Casi. ¡Intenta otra vez!",""
"tiempo_terminado.mp3","¡Terminó el tiempo de juego por hoy! Ahora, una misión especial.",""
"mision_hecha.mp3","¡Misión cumplida! Mañana jugamos más.",""
"muy_pronto.mp3","Este juego llega muy pronto.",""
"padres.mp3","Esta parte es para mamá o papá.",""
"snake_intro_a.mp3","Lleva a la viborita por el camino de la letra a. Empieza en la estrella.",""
"snake_intro_be.mp3","Lleva a la viborita por el camino de la letra be. Empieza en la estrella.",""
"snake_intro_ce.mp3","Lleva a la viborita por el camino de la letra ce. Empieza en la estrella.",""
"snake_intro_de.mp3","Lleva a la viborita por el camino de la letra de. Empieza en la estrella.",""
"snake_intro_e.mp3","Lleva a la viborita por el camino de la letra e. Empieza en la estrella.",""
"snake_intro_efe.mp3","Lleva a la viborita por el camino de la letra efe. Empieza en la estrella.",""
"snake_intro_ge.mp3","Lleva a la viborita por el camino de la letra ge. Empieza en la estrella.",""
"snake_intro_hache.mp3","Lleva a la viborita por el camino de la letra hache. Empieza en la estrella.",""
"snake_intro_i.mp3","Lleva a la viborita por el camino de la letra i. Empieza en la estrella.",""
"snake_intro_jota.mp3","Lleva a la viborita por el camino de la letra jota. Empieza en la estrella.",""
"snake_intro_ka.mp3","Lleva a la viborita por el camino de la letra ka. Empieza en la estrella.",""
"snake_intro_ele.mp3","Lleva a la viborita por el camino de la letra ele. Empieza en la estrella.",""
"snake_intro_eme.mp3","Lleva a la viborita por el camino de la letra eme. Empieza en la estrella.",""
"snake_intro_ene.mp3","Lleva a la viborita por el camino de la letra ene. Empieza en la estrella.",""
"snake_intro_eñe.mp3","Lleva a la viborita por el camino de la letra eñe. Empieza en la estrella.",""
"snake_intro_o.mp3","Lleva a la viborita por el camino de la letra o. Empieza en la estrella.",""
"snake_intro_pe.mp3","Lleva a la viborita por el camino de la letra pe. Empieza en la estrella.",""
"snake_intro_cu.mp3","Lleva a la viborita por el camino de la letra cu. Empieza en la estrella.",""
"snake_intro_erre.mp3","Lleva a la viborita por el camino de la letra erre. Empieza en la estrella.",""
"snake_intro_ese.mp3","Lleva a la viborita por el camino de la letra ese. Empieza en la estrella.",""
"snake_intro_te.mp3","Lleva a la viborita por el camino de la letra te. Empieza en la estrella.",""
"snake_intro_u.mp3","Lleva a la viborita por el camino de la letra u. Empieza en la estrella.",""
"snake_intro_ve.mp3","Lleva a la viborita por el camino de la letra ve. Empieza en la estrella.",""
"snake_intro_doble ve.mp3","Lleva a la viborita por el camino de la letra doble ve. Empieza en la estrella.",""
"snake_intro_equis.mp3","Lleva a la viborita por el camino de la letra equis. Empieza en la estrella.",""
"snake_intro_ye.mp3","Lleva a la viborita por el camino de la letra ye. Empieza en la estrella.",""
"snake_intro_zeta.mp3","Lleva a la viborita por el camino de la letra zeta. Empieza en la estrella.",""
"snake_salio_a.mp3","¡Uy! Te saliste del camino. Empecemos otra vez la letra a.",""
"snake_salio_be.mp3","¡Uy! Te saliste del camino. Empecemos otra vez la letra be.",""
"snake_salio_ce.mp3","¡Uy! Te saliste del camino. Empecemos otra vez la letra ce.",""
"snake_salio_de.mp3","¡Uy! Te saliste del camino. Empecemos otra vez la letra de.",""
"snake_salio_e.mp3","¡Uy! Te saliste del camino. Empecemos otra vez la letra e.",""
"snake_salio_efe.mp3","¡Uy! Te saliste del camino. Empecemos otra vez la letra efe.",""
"snake_salio_ge.mp3","¡Uy! Te saliste del camino. Empecemos otra vez la letra ge.",""
"snake_salio_hache.mp3","¡Uy! Te saliste del camino. Empecemos otra vez la letra hache.",""
"snake_salio_i.mp3","¡Uy! Te saliste del camino. Empecemos otra vez la letra i.",""
"snake_salio_jota.mp3","¡Uy! Te saliste del camino. Empecemos otra vez la letra jota.",""
"snake_salio_ka.mp3","¡Uy! Te saliste del camino. Empecemos otra vez la letra ka.",""
"snake_salio_ele.mp3","¡Uy! Te saliste del camino. Empecemos otra vez la letra ele.",""
"snake_salio_eme.mp3","¡Uy! Te saliste del camino. Empecemos otra vez la letra eme.",""
"snake_salio_ene.mp3","¡Uy! Te saliste del camino. Empecemos otra vez la letra ene.",""
"snake_salio_eñe.mp3","¡Uy! Te saliste del camino. Empecemos otra vez la letra eñe.",""
"snake_salio_o.mp3","¡Uy! Te saliste del camino. Empecemos otra vez la letra o.",""
"snake_salio_pe.mp3","¡Uy! Te saliste del camino. Empecemos otra vez la letra pe.",""
"snake_salio_cu.mp3","¡Uy! Te saliste del camino. Empecemos otra vez la letra cu.",""
"snake_salio_erre.mp3","¡Uy! Te saliste del camino. Empecemos otra vez la letra erre.",""
"snake_salio_ese.mp3","¡Uy! Te saliste del camino. Empecemos otra vez la letra ese.",""
"snake_salio_te.mp3","¡Uy! Te saliste del camino. Empecemos otra vez la letra te.",""
"snake_salio_u.mp3","¡Uy! Te saliste del camino. Empecemos otra vez la letra u.",""
"snake_salio_ve.mp3","¡Uy! Te saliste del camino. Empecemos otra vez la letra ve.",""
"snake_salio_doble ve.mp3","¡Uy! Te saliste del camino. Empecemos otra vez la letra doble ve.",""
"snake_salio_equis.mp3","¡Uy! Te saliste del camino. Empecemos otra vez la letra equis.",""
"snake_salio_ye.mp3","¡Uy! Te saliste del camino. Empecemos otra vez la letra ye.",""
"snake_salio_zeta.mp3","¡Uy! Te saliste del camino. Empecemos otra vez la letra zeta.",""
"snake_trazo.mp3","¡Bien! Ahora el siguiente trazo.",""
"snake_letra_ok_a.mp3","¡Muy bien! Escribiste la letra a.",""
"snake_letra_ok_be.mp3","¡Muy bien! Escribiste la letra be.",""
"snake_letra_ok_ce.mp3","¡Muy bien! Escribiste la letra ce.",""
"snake_letra_ok_de.mp3","¡Muy bien! Escribiste la letra de.",""
"snake_letra_ok_e.mp3","¡Muy bien! Escribiste la letra e.",""
"snake_letra_ok_efe.mp3","¡Muy bien! Escribiste la letra efe.",""
"snake_letra_ok_ge.mp3","¡Muy bien! Escribiste la letra ge.",""
"snake_letra_ok_hache.mp3","¡Muy bien! Escribiste la letra hache.",""
"snake_letra_ok_i.mp3","¡Muy bien! Escribiste la letra i.",""
"snake_letra_ok_jota.mp3","¡Muy bien! Escribiste la letra jota.",""
"snake_letra_ok_ka.mp3","¡Muy bien! Escribiste la letra ka.",""
"snake_letra_ok_ele.mp3","¡Muy bien! Escribiste la letra ele.",""
"snake_letra_ok_eme.mp3","¡Muy bien! Escribiste la letra eme.",""
"snake_letra_ok_ene.mp3","¡Muy bien! Escribiste la letra ene.",""
"snake_letra_ok_eñe.mp3","¡Muy bien! Escribiste la letra eñe.",""
"snake_letra_ok_o.mp3","¡Muy bien! Escribiste la letra o.",""
"snake_letra_ok_pe.mp3","¡Muy bien! Escribiste la letra pe.",""
"snake_letra_ok_cu.mp3","¡Muy bien! Escribiste la letra cu.",""
"snake_letra_ok_erre.mp3","¡Muy bien! Escribiste la letra erre.",""
"snake_letra_ok_ese.mp3","¡Muy bien! Escribiste la letra ese.",""
"snake_letra_ok_te.mp3","¡Muy bien! Escribiste la letra te.",""
"snake_letra_ok_u.mp3","¡Muy bien! Escribiste la letra u.",""
"snake_letra_ok_ve.mp3","¡Muy bien! Escribiste la letra ve.",""
"snake_letra_ok_doble ve.mp3","¡Muy bien! Escribiste la letra doble ve.",""
"snake_letra_ok_equis.mp3","¡Muy bien! Escribiste la letra equis.",""
"snake_letra_ok_ye.mp3","¡Muy bien! Escribiste la letra ye.",""
"snake_letra_ok_zeta.mp3","¡Muy bien! Escribiste la letra zeta.",""
"ninja_corta_a.mp3","Corta la a.",""
"ninja_corta_be.mp3","Corta la be.",""
"ninja_corta_ce.mp3","Corta la ce.",""
"ninja_corta_de.mp3","Corta la de.",""
"ninja_corta_e.mp3","Corta la e.",""
"ninja_corta_efe.mp3","Corta la efe.",""
"ninja_corta_ge.mp3","Corta la ge.",""
"ninja_corta_hache.mp3","Corta la hache.",""
"ninja_corta_i.mp3","Corta la i.",""
"ninja_corta_jota.mp3","Corta la jota.",""
"ninja_corta_ka.mp3","Corta la ka.",""
"ninja_corta_ele.mp3","Corta la ele.",""
"ninja_corta_eme.mp3","Corta la eme.",""
"ninja_corta_ene.mp3","Corta la ene.",""
"ninja_corta_eñe.mp3","Corta la eñe.",""
"ninja_corta_o.mp3","Corta la o.",""
"ninja_corta_pe.mp3","Corta la pe.",""
"ninja_corta_cu.mp3","Corta la cu.",""
"ninja_corta_erre.mp3","Corta la erre.",""
"ninja_corta_ese.mp3","Corta la ese.",""
"ninja_corta_te.mp3","Corta la te.",""
"ninja_corta_u.mp3","Corta la u.",""
"ninja_corta_ve.mp3","Corta la ve.",""
"ninja_corta_doble ve.mp3","Corta la doble ve.",""
"ninja_corta_equis.mp3","Corta la equis.",""
"ninja_corta_ye.mp3","Corta la ye.",""
"ninja_corta_zeta.mp3","Corta la zeta.",""
"ninja_corta_silaba_ma.mp3","Corta ma.",""
"ninja_corta_silaba_me.mp3","Corta me.",""
"ninja_corta_silaba_lo.mp3","Corta lo.",""
"ninja_corta_silaba_lu.mp3","Corta lu.",""
"ninja_corta_silaba_sa.mp3","Corta sa.",""
"ninja_corta_silaba_te.mp3","Corta te.",""
"ninja_corta_silaba_no.mp3","Corta no.",""
"ninja_corta_silaba_pa.mp3","Corta pa.",""
"ninja_intro.mp3","Dibuja la letra con tu dedo para cortarla.",""
"ninja_mal_a.mp3","Esa no era. Busca la a.",""
"ninja_mal_be.mp3","Esa no era. Busca la be.",""
"ninja_mal_ce.mp3","Esa no era. Busca la ce.",""
"ninja_mal_de.mp3","Esa no era. Busca la de.",""
"ninja_mal_e.mp3","Esa no era. Busca la e.",""
"ninja_mal_efe.mp3","Esa no era. Busca la efe.",""
"ninja_mal_ge.mp3","Esa no era. Busca la ge.",""
"ninja_mal_hache.mp3","Esa no era. Busca la hache.",""
"ninja_mal_i.mp3","Esa no era. Busca la i.",""
"ninja_mal_jota.mp3","Esa no era. Busca la jota.",""
"ninja_mal_ka.mp3","Esa no era. Busca la ka.",""
"ninja_mal_ele.mp3","Esa no era. Busca la ele.",""
"ninja_mal_eme.mp3","Esa no era. Busca la eme.",""
"ninja_mal_ene.mp3","Esa no era. Busca la ene.",""
"ninja_mal_eñe.mp3","Esa no era. Busca la eñe.",""
"ninja_mal_o.mp3","Esa no era. Busca la o.",""
"ninja_mal_pe.mp3","Esa no era. Busca la pe.",""
"ninja_mal_cu.mp3","Esa no era. Busca la cu.",""
"ninja_mal_erre.mp3","Esa no era. Busca la erre.",""
"ninja_mal_ese.mp3","Esa no era. Busca la ese.",""
"ninja_mal_te.mp3","Esa no era. Busca la te.",""
"ninja_mal_u.mp3","Esa no era. Busca la u.",""
"ninja_mal_ve.mp3","Esa no era. Busca la ve.",""
"ninja_mal_doble ve.mp3","Esa no era. Busca la doble ve.",""
"ninja_mal_equis.mp3","Esa no era. Busca la equis.",""
"ninja_mal_ye.mp3","Esa no era. Busca la ye.",""
"ninja_mal_zeta.mp3","Esa no era. Busca la zeta.",""
"ninja_no_entendi_a.mp3","No entendí ese trazo. Dibuja la a otra vez.",""
"ninja_no_entendi_be.mp3","No entendí ese trazo. Dibuja la be otra vez.",""
"ninja_no_entendi_ce.mp3","No entendí ese trazo. Dibuja la ce otra vez.",""
"ninja_no_entendi_de.mp3","No entendí ese trazo. Dibuja la de otra vez.",""
"ninja_no_entendi_e.mp3","No entendí ese trazo. Dibuja la e otra vez.",""
"ninja_no_entendi_efe.mp3","No entendí ese trazo. Dibuja la efe otra vez.",""
"ninja_no_entendi_ge.mp3","No entendí ese trazo. Dibuja la ge otra vez.",""
"ninja_no_entendi_hache.mp3","No entendí ese trazo. Dibuja la hache otra vez.",""
"ninja_no_entendi_i.mp3","No entendí ese trazo. Dibuja la i otra vez.",""
"ninja_no_entendi_jota.mp3","No entendí ese trazo. Dibuja la jota otra vez.",""
"ninja_no_entendi_ka.mp3","No entendí ese trazo. Dibuja la ka otra vez.",""
"ninja_no_entendi_ele.mp3","No entendí ese trazo. Dibuja la ele otra vez.",""
"ninja_no_entendi_eme.mp3","No entendí ese trazo. Dibuja la eme otra vez.",""
"ninja_no_entendi_ene.mp3","No entendí ese trazo. Dibuja la ene otra vez.",""
"ninja_no_entendi_eñe.mp3","No entendí ese trazo. Dibuja la eñe otra vez.",""
"ninja_no_entendi_o.mp3","No entendí ese trazo. Dibuja la o otra vez.",""
"ninja_no_entendi_pe.mp3","No entendí ese trazo. Dibuja la pe otra vez.",""
"ninja_no_entendi_cu.mp3","No entendí ese trazo. Dibuja la cu otra vez.",""
"ninja_no_entendi_erre.mp3","No entendí ese trazo. Dibuja la erre otra vez.",""
"ninja_no_entendi_ese.mp3","No entendí ese trazo. Dibuja la ese otra vez.",""
"ninja_no_entendi_te.mp3","No entendí ese trazo. Dibuja la te otra vez.",""
"ninja_no_entendi_u.mp3","No entendí ese trazo. Dibuja la u otra vez.",""
"ninja_no_entendi_ve.mp3","No entendí ese trazo. Dibuja la ve otra vez.",""
"ninja_no_entendi_doble ve.mp3","No entendí ese trazo. Dibuja la doble ve otra vez.",""
"ninja_no_entendi_equis.mp3","No entendí ese trazo. Dibuja la equis otra vez.",""
"ninja_no_entendi_ye.mp3","No entendí ese trazo. Dibuja la ye otra vez.",""
"ninja_no_entendi_zeta.mp3","No entendí ese trazo. Dibuja la zeta otra vez.",""
"crash_intro_tacha_3_a.mp3","Junta tres letras iguales. Tacha 3 letras a.",""
"crash_intro_tacha_3_be.mp3","Junta tres letras iguales. Tacha 3 letras be.",""
"crash_intro_tacha_3_ce.mp3","Junta tres letras iguales. Tacha 3 letras ce.",""
"crash_intro_tacha_3_de.mp3","Junta tres letras iguales. Tacha 3 letras de.",""
"crash_intro_tacha_3_e.mp3","Junta tres letras iguales. Tacha 3 letras e.",""
"crash_intro_tacha_3_efe.mp3","Junta tres letras iguales. Tacha 3 letras efe.",""
"crash_intro_tacha_3_ge.mp3","Junta tres letras iguales. Tacha 3 letras ge.",""
"crash_intro_tacha_3_hache.mp3","Junta tres letras iguales. Tacha 3 letras hache.",""
"crash_intro_tacha_3_i.mp3","Junta tres letras iguales. Tacha 3 letras i.",""
"crash_intro_tacha_3_jota.mp3","Junta tres letras iguales. Tacha 3 letras jota.",""
"crash_intro_tacha_3_ka.mp3","Junta tres letras iguales. Tacha 3 letras ka.",""
"crash_intro_tacha_3_ele.mp3","Junta tres letras iguales. Tacha 3 letras ele.",""
"crash_intro_tacha_3_eme.mp3","Junta tres letras iguales. Tacha 3 letras eme.",""
"crash_intro_tacha_3_ene.mp3","Junta tres letras iguales. Tacha 3 letras ene.",""
"crash_intro_tacha_3_eñe.mp3","Junta tres letras iguales. Tacha 3 letras eñe.",""
"crash_intro_tacha_3_o.mp3","Junta tres letras iguales. Tacha 3 letras o.",""
"crash_intro_tacha_3_pe.mp3","Junta tres letras iguales. Tacha 3 letras pe.",""
"crash_intro_tacha_3_cu.mp3","Junta tres letras iguales. Tacha 3 letras cu.",""
"crash_intro_tacha_3_erre.mp3","Junta tres letras iguales. Tacha 3 letras erre.",""
"crash_intro_tacha_3_ese.mp3","Junta tres letras iguales. Tacha 3 letras ese.",""
"crash_intro_tacha_3_te.mp3","Junta tres letras iguales. Tacha 3 letras te.",""
"crash_intro_tacha_3_u.mp3","Junta tres letras iguales. Tacha 3 letras u.",""
"crash_intro_tacha_3_ve.mp3","Junta tres letras iguales. Tacha 3 letras ve.",""
"crash_intro_tacha_3_doble ve.mp3","Junta tres letras iguales. Tacha 3 letras doble ve.",""
"crash_intro_tacha_3_equis.mp3","Junta tres letras iguales. Tacha 3 letras equis.",""
"crash_intro_tacha_3_ye.mp3","Junta tres letras iguales. Tacha 3 letras ye.",""
"crash_intro_tacha_3_zeta.mp3","Junta tres letras iguales. Tacha 3 letras zeta.",""
"crash_intro_tacha_4_a.mp3","Junta tres letras iguales. Tacha 4 letras a.",""
"crash_intro_tacha_4_be.mp3","Junta tres letras iguales. Tacha 4 letras be.",""
"crash_intro_tacha_4_ce.mp3","Junta tres letras iguales. Tacha 4 letras ce.",""
"crash_intro_tacha_4_de.mp3","Junta tres letras iguales. Tacha 4 letras de.",""
"crash_intro_tacha_4_e.mp3","Junta tres letras iguales. Tacha 4 letras e.",""
"crash_intro_tacha_4_efe.mp3","Junta tres letras iguales. Tacha 4 letras efe.",""
"crash_intro_tacha_4_ge.mp3","Junta tres letras iguales. Tacha 4 letras ge.",""
"crash_intro_tacha_4_hache.mp3","Junta tres letras iguales. Tacha 4 letras hache.",""
"crash_intro_tacha_4_i.mp3","Junta tres letras iguales. Tacha 4 letras i.",""
"crash_intro_tacha_4_jota.mp3","Junta tres letras iguales. Tacha 4 letras jota.",""
"crash_intro_tacha_4_ka.mp3","Junta tres letras iguales. Tacha 4 letras ka.",""
"crash_intro_tacha_4_ele.mp3","Junta tres letras iguales. Tacha 4 letras ele.",""
"crash_intro_tacha_4_eme.mp3","Junta tres letras iguales. Tacha 4 letras eme.",""
"crash_intro_tacha_4_ene.mp3","Junta tres letras iguales. Tacha 4 letras ene.",""
"crash_intro_tacha_4_eñe.mp3","Junta tres letras iguales. Tacha 4 letras eñe.",""
"crash_intro_tacha_4_o.mp3","Junta tres letras iguales. Tacha 4 letras o.",""
"crash_intro_tacha_4_pe.mp3","Junta tres letras iguales. Tacha 4 letras pe.",""
"crash_intro_tacha_4_cu.mp3","Junta tres letras iguales. Tacha 4 letras cu.",""
"crash_intro_tacha_4_erre.mp3","Junta tres letras iguales. Tacha 4 letras erre.",""
"crash_intro_tacha_4_ese.mp3","Junta tres letras iguales. Tacha 4 letras ese.",""
"crash_intro_tacha_4_te.mp3","Junta tres letras iguales. Tacha 4 letras te.",""
"crash_intro_tacha_4_u.mp3","Junta tres letras iguales. Tacha 4 letras u.",""
"crash_intro_tacha_4_ve.mp3","Junta tres letras iguales. Tacha 4 letras ve.",""
"crash_intro_tacha_4_doble ve.mp3","Junta tres letras iguales. Tacha 4 letras doble ve.",""
"crash_intro_tacha_4_equis.mp3","Junta tres letras iguales. Tacha 4 letras equis.",""
"crash_intro_tacha_4_ye.mp3","Junta tres letras iguales. Tacha 4 letras ye.",""
"crash_intro_tacha_4_zeta.mp3","Junta tres letras iguales. Tacha 4 letras zeta.",""
"crash_intro_tacha_5_a.mp3","Junta tres letras iguales. Tacha 5 letras a.",""
"crash_intro_tacha_5_be.mp3","Junta tres letras iguales. Tacha 5 letras be.",""
"crash_intro_tacha_5_ce.mp3","Junta tres letras iguales. Tacha 5 letras ce.",""
"crash_intro_tacha_5_de.mp3","Junta tres letras iguales. Tacha 5 letras de.",""
"crash_intro_tacha_5_e.mp3","Junta tres letras iguales. Tacha 5 letras e.",""
"crash_intro_tacha_5_efe.mp3","Junta tres letras iguales. Tacha 5 letras efe.",""
"crash_intro_tacha_5_ge.mp3","Junta tres letras iguales. Tacha 5 letras ge.",""
"crash_intro_tacha_5_hache.mp3","Junta tres letras iguales. Tacha 5 letras hache.",""
"crash_intro_tacha_5_i.mp3","Junta tres letras iguales. Tacha 5 letras i.",""
"crash_intro_tacha_5_jota.mp3","Junta tres letras iguales. Tacha 5 letras jota.",""
"crash_intro_tacha_5_ka.mp3","Junta tres letras iguales. Tacha 5 letras ka.",""
"crash_intro_tacha_5_ele.mp3","Junta tres letras iguales. Tacha 5 letras ele.",""
"crash_intro_tacha_5_eme.mp3","Junta tres letras iguales. Tacha 5 letras eme.",""
"crash_intro_tacha_5_ene.mp3","Junta tres letras iguales. Tacha 5 letras ene.",""
"crash_intro_tacha_5_eñe.mp3","Junta tres letras iguales. Tacha 5 letras eñe.",""
"crash_intro_tacha_5_o.mp3","Junta tres letras iguales. Tacha 5 letras o.",""
"crash_intro_tacha_5_pe.mp3","Junta tres letras iguales. Tacha 5 letras pe.",""
"crash_intro_tacha_5_cu.mp3","Junta tres letras iguales. Tacha 5 letras cu.",""
"crash_intro_tacha_5_erre.mp3","Junta tres letras iguales. Tacha 5 letras erre.",""
"crash_intro_tacha_5_ese.mp3","Junta tres letras iguales. Tacha 5 letras ese.",""
"crash_intro_tacha_5_te.mp3","Junta tres letras iguales. Tacha 5 letras te.",""
"crash_intro_tacha_5_u.mp3","Junta tres letras iguales. Tacha 5 letras u.",""
"crash_intro_tacha_5_ve.mp3","Junta tres letras iguales. Tacha 5 letras ve.",""
"crash_intro_tacha_5_doble ve.mp3","Junta tres letras iguales. Tacha 5 letras doble ve.",""
"crash_intro_tacha_5_equis.mp3","Junta tres letras iguales. Tacha 5 letras equis.",""
"crash_intro_tacha_5_ye.mp3","Junta tres letras iguales. Tacha 5 letras ye.",""
"crash_intro_tacha_5_zeta.mp3","Junta tres letras iguales. Tacha 5 letras zeta.",""
"crash_intro_tacha_6_a.mp3","Junta tres letras iguales. Tacha 6 letras a.",""
"crash_intro_tacha_6_be.mp3","Junta tres letras iguales. Tacha 6 letras be.",""
"crash_intro_tacha_6_ce.mp3","Junta tres letras iguales. Tacha 6 letras ce.",""
"crash_intro_tacha_6_de.mp3","Junta tres letras iguales. Tacha 6 letras de.",""
"crash_intro_tacha_6_e.mp3","Junta tres letras iguales. Tacha 6 letras e.",""
"crash_intro_tacha_6_efe.mp3","Junta tres letras iguales. Tacha 6 letras efe.",""
"crash_intro_tacha_6_ge.mp3","Junta tres letras iguales. Tacha 6 letras ge.",""
"crash_intro_tacha_6_hache.mp3","Junta tres letras iguales. Tacha 6 letras hache.",""
"crash_intro_tacha_6_i.mp3","Junta tres letras iguales. Tacha 6 letras i.",""
"crash_intro_tacha_6_jota.mp3","Junta tres letras iguales. Tacha 6 letras jota.",""
"crash_intro_tacha_6_ka.mp3","Junta tres letras iguales. Tacha 6 letras ka.",""
"crash_intro_tacha_6_ele.mp3","Junta tres letras iguales. Tacha 6 letras ele.",""
"crash_intro_tacha_6_eme.mp3","Junta tres letras iguales. Tacha 6 letras eme.",""
"crash_intro_tacha_6_ene.mp3","Junta tres letras iguales. Tacha 6 letras ene.",""
"crash_intro_tacha_6_eñe.mp3","Junta tres letras iguales. Tacha 6 letras eñe.",""
"crash_intro_tacha_6_o.mp3","Junta tres letras iguales. Tacha 6 letras o.",""
"crash_intro_tacha_6_pe.mp3","Junta tres letras iguales. Tacha 6 letras pe.",""
"crash_intro_tacha_6_cu.mp3","Junta tres letras iguales. Tacha 6 letras cu.",""
"crash_intro_tacha_6_erre.mp3","Junta tres letras iguales. Tacha 6 letras erre.",""
"crash_intro_tacha_6_ese.mp3","Junta tres letras iguales. Tacha 6 letras ese.",""
"crash_intro_tacha_6_te.mp3","Junta tres letras iguales. Tacha 6 letras te.",""
"crash_intro_tacha_6_u.mp3","Junta tres letras iguales. Tacha 6 letras u.",""
"crash_intro_tacha_6_ve.mp3","Junta tres letras iguales. Tacha 6 letras ve.",""
"crash_intro_tacha_6_doble ve.mp3","Junta tres letras iguales. Tacha 6 letras doble ve.",""
"crash_intro_tacha_6_equis.mp3","Junta tres letras iguales. Tacha 6 letras equis.",""
"crash_intro_tacha_6_ye.mp3","Junta tres letras iguales. Tacha 6 letras ye.",""
"crash_intro_tacha_6_zeta.mp3","Junta tres letras iguales. Tacha 6 letras zeta.",""
"crash_intro_tacha_9_a.mp3","Junta tres letras iguales. Tacha 9 letras a.",""
"crash_intro_tacha_9_be.mp3","Junta tres letras iguales. Tacha 9 letras be.",""
"crash_intro_tacha_9_ce.mp3","Junta tres letras iguales. Tacha 9 letras ce.",""
"crash_intro_tacha_9_de.mp3","Junta tres letras iguales. Tacha 9 letras de.",""
"crash_intro_tacha_9_e.mp3","Junta tres letras iguales. Tacha 9 letras e.",""
"crash_intro_tacha_9_efe.mp3","Junta tres letras iguales. Tacha 9 letras efe.",""
"crash_intro_tacha_9_ge.mp3","Junta tres letras iguales. Tacha 9 letras ge.",""
"crash_intro_tacha_9_hache.mp3","Junta tres letras iguales. Tacha 9 letras hache.",""
"crash_intro_tacha_9_i.mp3","Junta tres letras iguales. Tacha 9 letras i.",""
"crash_intro_tacha_9_jota.mp3","Junta tres letras iguales. Tacha 9 letras jota.",""
"crash_intro_tacha_9_ka.mp3","Junta tres letras iguales. Tacha 9 letras ka.",""
"crash_intro_tacha_9_ele.mp3","Junta tres letras iguales. Tacha 9 letras ele.",""
"crash_intro_tacha_9_eme.mp3","Junta tres letras iguales. Tacha 9 letras eme.",""
"crash_intro_tacha_9_ene.mp3","Junta tres letras iguales. Tacha 9 letras ene.",""
"crash_intro_tacha_9_eñe.mp3","Junta tres letras iguales. Tacha 9 letras eñe.",""
"crash_intro_tacha_9_o.mp3","Junta tres letras iguales. Tacha 9 letras o.",""
"crash_intro_tacha_9_pe.mp3","Junta tres letras iguales. Tacha 9 letras pe.",""
"crash_intro_tacha_9_cu.mp3","Junta tres letras iguales. Tacha 9 letras cu.",""
"crash_intro_tacha_9_erre.mp3","Junta tres letras iguales. Tacha 9 letras erre.",""
"crash_intro_tacha_9_ese.mp3","Junta tres letras iguales. Tacha 9 letras ese.",""
"crash_intro_tacha_9_te.mp3","Junta tres letras iguales. Tacha 9 letras te.",""
"crash_intro_tacha_9_u.mp3","Junta tres letras iguales. Tacha 9 letras u.",""
"crash_intro_tacha_9_ve.mp3","Junta tres letras iguales. Tacha 9 letras ve.",""
"crash_intro_tacha_9_doble ve.mp3","Junta tres letras iguales. Tacha 9 letras doble ve.",""
"crash_intro_tacha_9_equis.mp3","Junta tres letras iguales. Tacha 9 letras equis.",""
"crash_intro_tacha_9_ye.mp3","Junta tres letras iguales. Tacha 9 letras ye.",""
"crash_intro_tacha_9_zeta.mp3","Junta tres letras iguales. Tacha 9 letras zeta.",""
"crash_intro_tacha_12_a.mp3","Junta tres letras iguales. Tacha 12 letras a.",""
"crash_intro_tacha_12_be.mp3","Junta tres letras iguales. Tacha 12 letras be.",""
"crash_intro_tacha_12_ce.mp3","Junta tres letras iguales. Tacha 12 letras ce.",""
"crash_intro_tacha_12_de.mp3","Junta tres letras iguales. Tacha 12 letras de.",""
"crash_intro_tacha_12_e.mp3","Junta tres letras iguales. Tacha 12 letras e.",""
"crash_intro_tacha_12_efe.mp3","Junta tres letras iguales. Tacha 12 letras efe.",""
"crash_intro_tacha_12_ge.mp3","Junta tres letras iguales. Tacha 12 letras ge.",""
"crash_intro_tacha_12_hache.mp3","Junta tres letras iguales. Tacha 12 letras hache.",""
"crash_intro_tacha_12_i.mp3","Junta tres letras iguales. Tacha 12 letras i.",""
"crash_intro_tacha_12_jota.mp3","Junta tres letras iguales. Tacha 12 letras jota.",""
"crash_intro_tacha_12_ka.mp3","Junta tres letras iguales. Tacha 12 letras ka.",""
"crash_intro_tacha_12_ele.mp3","Junta tres letras iguales. Tacha 12 letras ele.",""
"crash_intro_tacha_12_eme.mp3","Junta tres letras iguales. Tacha 12 letras eme.",""
"crash_intro_tacha_12_ene.mp3","Junta tres letras iguales. Tacha 12 letras ene.",""
"crash_intro_tacha_12_eñe.mp3","Junta tres letras iguales. Tacha 12 letras eñe.",""
"crash_intro_tacha_12_o.mp3","Junta tres letras iguales. Tacha 12 letras o.",""
"crash_intro_tacha_12_pe.mp3","Junta tres letras iguales. Tacha 12 letras pe.",""
"crash_intro_tacha_12_cu.mp3","Junta tres letras iguales. Tacha 12 letras cu.",""
"crash_intro_tacha_12_erre.mp3","Junta tres letras iguales. Tacha 12 letras erre.",""
"crash_intro_tacha_12_ese.mp3","Junta tres letras iguales. Tacha 12 letras ese.",""
"crash_intro_tacha_12_te.mp3","Junta tres letras iguales. Tacha 12 letras te.",""
"crash_intro_tacha_12_u.mp3","Junta tres letras iguales. Tacha 12 letras u.",""
"crash_intro_tacha_12_ve.mp3","Junta tres letras iguales. Tacha 12 letras ve.",""
"crash_intro_tacha_12_doble ve.mp3","Junta tres letras iguales. Tacha 12 letras doble ve.",""
"crash_intro_tacha_12_equis.mp3","Junta tres letras iguales. Tacha 12 letras equis.",""
"crash_intro_tacha_12_ye.mp3","Junta tres letras iguales. Tacha 12 letras ye.",""
"crash_intro_tacha_12_zeta.mp3","Junta tres letras iguales. Tacha 12 letras zeta.",""
"crash_intro_palabra_sol.mp3","Toca las letras que están juntas para formar la palabra SOL.",""
"crash_intro_palabra_mesa.mp3","Toca las letras que están juntas para formar la palabra MESA.",""
"crash_intro_palabra_luna.mp3","Toca las letras que están juntas para formar la palabra LUNA.",""
"crash_intro_palabra_sol.mp3","Toca las letras que están juntas para formar la palabra sol.",""
"crash_intro_palabra_casa.mp3","Toca las letras que están juntas para formar la palabra casa.",""
"crash_palabra_ok_sol.mp3","¡Formaste SOL!",""
"crash_palabra_ok_mesa.mp3","¡Formaste MESA!",""
"crash_palabra_ok_luna.mp3","¡Formaste LUNA!",""
"crash_palabra_ok_sol.mp3","¡Formaste sol!",""
"crash_palabra_ok_casa.mp3","¡Formaste casa!",""
"crash_sin_movs.mp3","Se acabaron los movimientos.",""
"angry_lanza_círculo.mp3","Lanza el círculo.",""
"angry_lanza_cuadrado.mp3","Lanza el cuadrado.",""
"angry_lanza_triángulo.mp3","Lanza el triángulo.",""
"angry_lanza_rectángulo.mp3","Lanza el rectángulo.",""
"angry_lanza_rombo.mp3","Lanza el rombo.",""
"angry_lanza_estrella.mp3","Lanza el estrella.",""
"angry_lanza_f_círculo.mp3","Lanza la círculo.",""
"angry_lanza_f_cuadrado.mp3","Lanza la cuadrado.",""
"angry_lanza_f_triángulo.mp3","Lanza la triángulo.",""
"angry_lanza_f_rectángulo.mp3","Lanza la rectángulo.",""
"angry_lanza_f_rombo.mp3","Lanza la rombo.",""
"angry_lanza_f_estrella.mp3","Lanza la estrella.",""
"angry_elige_círculo.mp3","Elige el círculo y lánzalo.",""
"angry_elige_cuadrado.mp3","Elige el cuadrado y lánzalo.",""
"angry_elige_triángulo.mp3","Elige el triángulo y lánzalo.",""
"angry_elige_rectángulo.mp3","Elige el rectángulo y lánzalo.",""
"angry_elige_rombo.mp3","Elige el rombo y lánzalo.",""
"angry_elige_estrella.mp3","Elige el estrella y lánzalo.",""
"angry_elige_f_círculo.mp3","Elige la círculo y lánzala.",""
"angry_elige_f_cuadrado.mp3","Elige la cuadrado y lánzala.",""
"angry_elige_f_triángulo.mp3","Elige la triángulo y lánzala.",""
"angry_elige_f_rectángulo.mp3","Elige la rectángulo y lánzala.",""
"angry_elige_f_rombo.mp3","Elige la rombo y lánzala.",""
"angry_elige_f_estrella.mp3","Elige la estrella y lánzala.",""
"angry_derriba_círculos.mp3","Derriba todos los círculos.",""
"angry_derriba_cuadrados.mp3","Derriba todos los cuadrados.",""
"angry_derriba_triángulos.mp3","Derriba todos los triángulos.",""
"angry_derriba_rectángulos.mp3","Derriba todos los rectángulos.",""
"angry_derriba_rombos.mp3","Derriba todos los rombos.",""
"angry_derriba_estrellas.mp3","Derriba todos los estrellas.",""
"angry_derriba_lados_3.mp3","Derriba la forma que tiene 3 lados.",""
"angry_derriba_lados_4.mp3","Derriba la forma que tiene 4 lados.",""
"angry_derriba_lados_5.mp3","Derriba la forma que tiene 5 lados.",""
"angry_derriba_lados_6.mp3","Derriba la forma que tiene 6 lados.",""
"angry_derriba_lados_9.mp3","Derriba la forma que tiene 9 lados.",""
"angry_derriba_lados_12.mp3","Derriba la forma que tiene 12 lados.",""
"angry_esa_no_círculo.mp3","Esa forma es un círculo. Busca otra.",""
"angry_esa_no_cuadrado.mp3","Esa forma es un cuadrado. Busca otra.",""
"angry_esa_no_triángulo.mp3","Esa forma es un triángulo. Busca otra.",""
"angry_esa_no_rectángulo.mp3","Esa forma es un rectángulo. Busca otra.",""
"angry_esa_no_rombo.mp3","Esa forma es un rombo. Busca otra.",""
"angry_esa_no_estrella.mp3","Esa forma es un estrella. Busca otra.",""
"angry_esa_no_f_círculo.mp3","Esa forma es una círculo. Busca otra.",""
"angry_esa_no_f_cuadrado.mp3","Esa forma es una cuadrado. Busca otra.",""
"angry_esa_no_f_triángulo.mp3","Esa forma es una triángulo. Busca otra.",""
"angry_esa_no_f_rectángulo.mp3","Esa forma es una rectángulo. Busca otra.",""
"angry_esa_no_f_rombo.mp3","Esa forma es una rombo. Busca otra.",""
"angry_esa_no_f_estrella.mp3","Esa forma es una estrella. Busca otra.",""
"angry_intro.mp3","Jala la forma hacia atrás y suéltala para lanzarla.",""
"craft_intro_letra_a.mp3","Pon bloques sobre la sombra para formar la letra a.",""
"craft_intro_letra_be.mp3","Pon bloques sobre la sombra para formar la letra be.",""
"craft_intro_letra_ce.mp3","Pon bloques sobre la sombra para formar la letra ce.",""
"craft_intro_letra_de.mp3","Pon bloques sobre la sombra para formar la letra de.",""
"craft_intro_letra_e.mp3","Pon bloques sobre la sombra para formar la letra e.",""
"craft_intro_letra_efe.mp3","Pon bloques sobre la sombra para formar la letra efe.",""
"craft_intro_letra_ge.mp3","Pon bloques sobre la sombra para formar la letra ge.",""
"craft_intro_letra_hache.mp3","Pon bloques sobre la sombra para formar la letra hache.",""
"craft_intro_letra_i.mp3","Pon bloques sobre la sombra para formar la letra i.",""
"craft_intro_letra_jota.mp3","Pon bloques sobre la sombra para formar la letra jota.",""
"craft_intro_letra_ka.mp3","Pon bloques sobre la sombra para formar la letra ka.",""
"craft_intro_letra_ele.mp3","Pon bloques sobre la sombra para formar la letra ele.",""
"craft_intro_letra_eme.mp3","Pon bloques sobre la sombra para formar la letra eme.",""
"craft_intro_letra_ene.mp3","Pon bloques sobre la sombra para formar la letra ene.",""
"craft_intro_letra_eñe.mp3","Pon bloques sobre la sombra para formar la letra eñe.",""
"craft_intro_letra_o.mp3","Pon bloques sobre la sombra para formar la letra o.",""
"craft_intro_letra_pe.mp3","Pon bloques sobre la sombra para formar la letra pe.",""
"craft_intro_letra_cu.mp3","Pon bloques sobre la sombra para formar la letra cu.",""
"craft_intro_letra_erre.mp3","Pon bloques sobre la sombra para formar la letra erre.",""
"craft_intro_letra_ese.mp3","Pon bloques sobre la sombra para formar la letra ese.",""
"craft_intro_letra_te.mp3","Pon bloques sobre la sombra para formar la letra te.",""
"craft_intro_letra_u.mp3","Pon bloques sobre la sombra para formar la letra u.",""
"craft_intro_letra_ve.mp3","Pon bloques sobre la sombra para formar la letra ve.",""
"craft_intro_letra_doble ve.mp3","Pon bloques sobre la sombra para formar la letra doble ve.",""
"craft_intro_letra_equis.mp3","Pon bloques sobre la sombra para formar la letra equis.",""
"craft_intro_letra_ye.mp3","Pon bloques sobre la sombra para formar la letra ye.",""
"craft_intro_letra_zeta.mp3","Pon bloques sobre la sombra para formar la letra zeta.",""
"craft_intro_apilar.mp3","Apila diez bloques en la torre. ¡Contemos juntos!",""
"craft_intro_colores.mp3","Pon cada color en su lugar: rojo con rojo, azul con azul y amarillo con amarillo.",""
"(solo voz sintética)","Escribe tu nombre con bloques: {nombre}.","incluye el nombre del niño"
"craft_intro_libre.mp3","Modo libre. ¡Construye lo que quieras!",""
"craft_ayuda.mp3","Toca para poner un bloque. Mantén presionado para quitarlo.",""
"craft_color_mal.mp3","Ese color no va ahí.",""
"num_1.mp3","uno",""
"num_2.mp3","dos",""
"num_3.mp3","tres",""
"num_4.mp3","cuatro",""
"num_5.mp3","cinco",""
"num_6.mp3","seis",""
"num_7.mp3","siete",""
"num_8.mp3","ocho",""
"num_9.mp3","nueve",""
"num_10.mp3","diez",""
"(solo voz sintética)","Imprime una ficha de tu Kit y traza la letra M con tu dedo y luego con lápiz.","misión m01"
"(solo voz sintética)","Haz la letra A con frijoles o semillas sobre la mesa.","misión m02"
"(solo voz sintética)","Pon arena o sal en una bandeja y escribe tu nombre con el dedo.","misión m03"
"(solo voz sintética)","Busca en casa tres cosas que empiecen con la letra P.","misión m04"
"(solo voz sintética)","Ayuda a poner la mesa y cuenta cuántas cucharas hay.","misión m05"
"(solo voz sintética)","Busca en tu casa algo con forma de círculo, de cuadrado y de triángulo.","misión m06"
"(solo voz sintética)","Pide que te lean un cuento y busca la letra O en una página.","misión m07"
"(solo voz sintética)","Junta los calcetines por pares y cuenta cuántos pares hiciste.","misión m08"
"(solo voz sintética)","Dibuja a tu familia y escribe la primera letra de cada nombre.","misión m09"
"(solo voz sintética)","Sal al patio y junta 10 hojas. Ordénalas de la más chica a la más grande.","misión m10"
"(solo voz sintética)","Con plastilina, haz las letras de tu nombre.","misión m11"
"(solo voz sintética)","Imprime una ficha de tu Kit y repasa la letra S con un color que te guste.","misión m12"
"(solo voz sintética)","Arma una torre con 10 cosas (vasos, cajas o bloques) contando en voz alta.","misión m13"
"(solo voz sintética)","Separa botones, tapitas o piedritas por colores en tres montoncitos.","misión m14"
"(solo voz sintética)","Canta una canción y aplaude una vez por cada palabra.","misión m15"
"(solo voz sintética)","En el baño, escribe la letra E en el espejo empañado.","misión m16"
"(solo voz sintética)","Arma un rompecabezas con alguien de tu familia.","misión m17"
"(solo voz sintética)","Riega una planta y cuenta sus hojas.","misión m18"
"(solo voz sintética)","Imprime una ficha de tu Kit y traza la letra L de arriba hacia abajo.","misión m19"
"(solo voz sintética)","Haz la forma de un cuadrado caminando por el cuarto.","misión m20"
"(solo voz sintética)","En la cocina, nombra frutas y di con qué letra empieza cada una.","misión m21"
"(solo voz sintética)","Traza tu mano en una hoja y escribe una letra en cada dedo.","misión m22"
"(solo voz sintética)","Haz un círculo con una cuerda o un listón en el piso y salta adentro.","misión m23"
"(solo voz sintética)","Imprime una ficha de tu Kit y practica la letra cursiva que más te guste.","misión m24"
"(solo voz sintética)","Busca una caja y cuenta cuántos lados y esquinas tiene.","misión m25"
"(solo voz sintética)","Antes de dormir, dile a alguien tres palabras que empiecen con la letra M.","misión m26"
"(solo voz sintética)","Ordena tus juguetes del más grande al más pequeño.","misión m27"
"(solo voz sintética)","Escribe una carta corta con dibujos para alguien que quieres.","misión m28"
"(solo voz sintética)","Recorta una estrella de papel y cuenta sus puntas.","misión m29"
"(solo voz sintética)","Imprime una ficha de tu Kit y escribe tu nombre en cursiva, letra por letra.","misión m30"
